Primer Pair:,zymo?,,,,,,,
ADAMTS17_852Del_SD_1/2/3,Zymo PCR Multiplex,,,,,,,
AMN GA_RD_5,Zymo PCR Multiplex,,,,,,,
AMN_GA_RD_1,Zymo PCR Multiplex,,,,,,,
AMN_GA_RD_3,Zymo PCR Multiplex,,,,,,,
ASIP_283Ins_SDM_3,Zymo PCR Multiplex,,,,,,,
ATP7B_112GA_RD_2/4/5,Zymo PCR Multiplex,,,,,,,
BCAN_B_SD_1/C_SD_5,Zymo PCR Multiplex,,,,,,,
DIRAS1_564Del_SD_1/2,Zymo PCR Multiplex,,,,,,,
DMD_670Ins_SD_1,Zymo PCR Multiplex,,,,,,,
DMD_SD_1,Zymo PCR Multiplex,,,,,,,
F7_895GA_RD_3/4,Zymo PCR Multiplex,,,,,,,
FAM134B_639Inv_1/4/5/6,Zymo PCR Multiplex,,,,,,,
FOX,Zymo PCR Multiplex,,,,,,,
FUCA1_866DEL_1/2/3,Zymo PCR Multiplex,,,,,,,
MITF_232Del_SDM_5,Zymo PCR Multiplex,,,,,,,
NIPAL4_279DelC_RD_1/2/3,Zymo PCR Multiplex,,,,,,,
NKX2-8_895_CT_RD3/4,Zymo PCR Multiplex,,,,,,,
PLA2G6_820GA_RD_1/2/3,Zymo PCR Multiplex,,,,,,,
RD3_SD_3G,Zymo PCR Multiplex,,,,,,,
RD3Ins_SD_1,Zymo PCR Multiplex,,,,,,,
SLC45A2_275Del_SD_1F/A3R/1R2,Zymo PCR Multiplex,,,,,,,
SLC45A2_275Del_SD_3AF/2R1/2R2,Zymo PCR Multiplex,,,,,,,
SLC6A5_698Del_SD_A_1,Zymo PCR Multiplex,,,,,,,
SOD1_AT_SD_2F/1R,Zymo PCR Multiplex,,,,,,,
SOD1_AT_SD_4 ,Zymo PCR Multiplex,,,,,,,
ABCB1_SD_1,Qiagen PCR Multiplex,,,,,,,
ABCB1_SD_1,Qiagen PCR Multiplex,,,,,,,
ARSG_AA_1,Qiagen PCR Multiplex,,,,,,,
ASIP[A>G]_MA,Qiagen PCR Multiplex,,,,,,,
ASIP[A>G]_MA,Qiagen PCR Multiplex,,,,,,,
ASIP[C>T]_MA,Qiagen PCR Multiplex,,,,,,,
ASIP_283Ins_SD_3,Qiagen PCR Multiplex,,,,,,,
ATF2_AA_2,Qiagen PCR Multiplex,,,,,,,
ATP7A_237CT_RD_1,Qiagen PCR Multiplex,,,,,,,
ATP7A_237CT_RD_4,Qiagen PCR Multiplex,,,,,,,
BEST1_cmr1_AA_2,Qiagen PCR Multiplex,,,,,,,
CBD103[del3],Qiagen PCR Multiplex,,,,,,,
CLN6_AA_1,Qiagen PCR Multiplex,,,,,,,
CLN8_950GA_RD_3,Qiagen PCR Multiplex,,,,,,,
CNGA1_897Del_SD_2/3,Qiagen PCR Multiplex,,,,,,,
CNGB3_SD_B_2,Qiagen PCR Multiplex,,,,,,,
CNGB3_SD_C_2_1,Qiagen PCR Multiplex,,,,,,,
COL11A2_AA_2,Qiagen PCR Multiplex,,,,,,,
COLQ_737TC_RD_1 ,Qiagen PCR Multiplex,,,,,,,
COMMD1.C,Qiagen PCR Multiplex,,,,,,,
DMD_C_AA_C_3,Qiagen PCR Multiplex,,,,,,,
DNM1[G/T]_PMSA_1 Mod 5,Qiagen PCR Multiplex,,,,,,,
DNM1_AA_2,Qiagen PCR Multiplex,,,,,,,
FAN1.C_SD_C_1,Qiagen PCR Multiplex,,,,,,,
FAN1_C_SD_2,Qiagen PCR Multiplex,,,,,,,
FAN1_C_SD_A_1,Qiagen PCR Multiplex,,,,,,,
FAN1_C_SD_B_1,Qiagen PCR Multiplex,,,,,,,
FERMT3_AA_3,Qiagen PCR Multiplex,,,,,,,
G6PC_AA_2,Qiagen PCR Multiplex,,,,,,,
GAA_AA_3,Qiagen PCR Multiplex,,,,,,,
GALC_1_AA_1,Qiagen PCR Multiplex,,,,,,,
MC5R_748AG_RD_1/2,Qiagen PCR Multiplex,,,,,,,
MITF_232Del_SD_5,Qiagen PCR Multiplex,,,,,,,
MLPH_AA_3,Qiagen PCR Multiplex,,,,,,,
NHEJ1.C_AA_C_2,Qiagen PCR Multiplex,,,,,,,
NHEJ1[Del]_A+B_SD_2,Qiagen PCR Multiplex,,,,,,,
NHEJ1_A_AA_1,Qiagen PCR Multiplex,,,,,,,
NPHP4_SDM_1/2,Qiagen PCR Multiplex,,,,,,,
PAMSA-MLPH-1,Qiagen PCR Multiplex,,,,,,,
PAMSA-PRCD-2,Qiagen PCR Multiplex,,,,,,,
PAMSA-SOD1-1,Qiagen PCR Multiplex,,,,,,,
PDK4[Del16]_SD_1,Qiagen PCR Multiplex,,,,,,,
PKLR_5_AA_1,Qiagen PCR Multiplex,,,,,,,
PMEL_SD3_VIC,Qiagen PCR Multiplex,,,,,,,
PMEL_SD4_FAM,Qiagen PCR Multiplex,,,,,,,
PNPLA1[Ins]_SD_1,Qiagen PCR Multiplex,,,,,,,
PPT1_AA_1,Qiagen PCR Multiplex,,,,,,,
PSMB7_RD_1,Qiagen PCR Multiplex,,,,,,,
PTPLA_988Ins_SD_5,Qiagen PCR Multiplex,,,,,,,
PTPLA_988Ins_SD_6,Qiagen PCR Multiplex,,,,,,,
RPGRIP1/SD2,Qiagen PCR Multiplex,,,,,,,
RSPO2_419Ins_MA_2/3,Qiagen PCR Multiplex,,,,,,,
SERAC1[Del4]_SD_1,Qiagen PCR Multiplex,,,,,,,
SERPINH1_AA_1,Qiagen PCR Multiplex,,,,,,,
SLC13A1_771Del_SD_1+2,Qiagen PCR Multiplex,,,,,,,
SLC13A1_771Del_SD_3+4,Qiagen PCR Multiplex,,,,,,,
SLC2A9_RD_1z,Qiagen PCR Multiplex,,,,,,,
SLC3A1_948DelG_RD_2 Mod 6,Qiagen PCR Multiplex,,,,,,,
SLC3A1_AA_1,Qiagen PCR Multiplex,,,,,,,
SUV39H2_RD_3,Qiagen PCR Multiplex,,,,,,,
TPO_660CT_RD_1,Qiagen PCR Multiplex,,,,,,,
TPO_660CT_RD_2,Qiagen PCR Multiplex,,,,,,,
tRNA_Tyr_AA_1,Qiagen PCR Multiplex,,,,,,,
TYRP1[T-A]_PMSA_2 Mod 1,Qiagen PCR Multiplex,,,,,,,
VWF2_AA_1,Qiagen PCR Multiplex,,,,,,,
VWFI[G/A]_PMSA_3 Mod 5,Qiagen PCR Multiplex,,,,,,,
